<?xml version="1.0" encoding="UTF-8"?>
<project-private xmlns="http://www.netbeans.org/ns/project-private/1">
    <editor-bookmarks xmlns="http://www.netbeans.org/ns/editor-bookmarks/2" lastBookmarkId="0"/>
    <open-files xmlns="http://www.netbeans.org/ns/projectui-open-files/2">
        <group>
            <file>file:/C:/Users/p-did/Desktop/System%20Development/System%20Development/public_html/Sign%20Up.html</file>
            <file>file:/C:/Users/p-did/Desktop/System%20Development/System%20Development/public_html/CSS/styleStart.css</file>
            <file>file:/C:/Users/p-did/Desktop/System%20Development/System%20Development/public_html/CSS/styleVerification.css</file>
            <file>file:/C:/Users/p-did/Desktop/System%20Development/System%20Development/public_html/CSS/styleLogIn.css</file>
            <file>file:/C:/Users/p-did/Desktop/System%20Development/System%20Development/public_html/Start.html</file>
            <file>file:/C:/Users/p-did/Desktop/System%20Development/System%20Development/public_html/CSS/styleSignUp.css</file>
            <file>file:/C:/Users/p-did/Desktop/System%20Development/System%20Development/public_html/Main.html</file>
            <file>file:/C:/Users/p-did/Desktop/System%20Development/System%20Development/public_html/LogIn.html</file>
            <file>file:/C:/Users/p-did/Desktop/System%20Development/System%20Development/public_html/CSS/styleMain.css</file>
            <file>file:/C:/Users/p-did/Desktop/System%20Development/System%20Development/public_html/Verification.html</file>
        </group>
    </open-files>
</project-private>
